{
  "count": 100,
  "ok": 100,
  "failed": 0,
  "timeout": 0,
  "latency_ms": {
    "min": 2044.28162,
    "p50": 7620.042765,
    "p95": 51618.728255,
    "p99": 55618.592683,
    "max": 56618.570927,
    "mean": 17256.11579024
  },
  "backend": "celery",
  "broker": "redis://127.0.0.1:6379/0",
  "backend_url": "redis://127.0.0.1:6379/1",
  "wall_ms": 56685.035477,
  "throughput_tps": 1.7641340286463274,
  "timing_ms": {
    "client_request_ms": {
      "min": 2002.135754,
      "p50": 2015.518697,
      "p95": 3532.21635,
      "p99": 3553.201955,
      "max": 3559.642552,
      "mean": 2307.65407396
    },
    "end_to_end_wall_ms": {
      "min": 2044.279601,
      "p50": 7620.041585,
      "p95": 51618.727165,
      "p99": 55618.591363,
      "max": 56618.569758,
      "mean": 17256.11474008
    },
    "non_request_ms": {
      "min": 42.260532999999896,
      "p50": 5618.129833999999,
      "p95": 49617.369182999995,
      "p99": 53617.717852,
      "max": 54618.324644,
      "mean": 15254.69883558
    },
    "queue_wait_ms": {
      "min": 2.385591,
      "p50": 18.693192,
      "p95": 33.089513,
      "p99": 34.240241,
      "max": 35.745769,
      "mean": 18.163187559999997
    },
    "request_ms": {
      "min": 2000.196895,
      "p50": 2001.47917,
      "p95": 2002.096506,
      "p99": 2002.163237,
      "max": 2002.444727,
      "mean": 2001.4159045
    },
    "result_return_ms": {
      "min": 5.085175,
      "p50": 4350.697649,
      "p95": 49580.498509,
      "p99": 53576.202374,
      "max": 54577.748875,
      "mean": 14930.28865608
    },
    "worker_overhead_ms": {
      "min": 0.7959339999999884,
      "p50": 13.90703099999996,
      "p95": 1531.682219,
      "p99": 1552.1390360000003,
      "max": 1557.73045,
      "mean": 306.24699194
    }
  }
}