{
  "count": 400,
  "ok": 400,
  "failed": 0,
  "timeout": 0,
  "latency_ms": {
    "min": 2016.281919,
    "p50": 26015.349916,
    "p95": 47992.402156,
    "p99": 49988.764455,
    "max": 50004.075698,
    "mean": 26009.5469496
  },
  "backend": "celery",
  "broker": "redis://127.0.0.1:6379/0",
  "backend_url": "redis://127.0.0.1:6379/1",
  "wall_ms": 50170.622163,
  "throughput_tps": 7.97279329525623,
  "timing_ms": {
    "client_request_ms": {
      "min": 2000.402318,
      "p50": 2002.625331,
      "p95": 2003.994261,
      "p99": 2005.810922,
      "max": 2007.171632,
      "mean": 2002.5397302725
    },
    "end_to_end_wall_ms": {
      "min": 2016.280719,
      "p50": 26015.349496,
      "p95": 47992.401496,
      "p99": 49988.763864,
      "max": 50004.074958,
      "mean": 26009.546294660002
    },
    "non_request_ms": {
      "min": 15.099509000000126,
      "p50": 24013.456551,
      "p95": 45990.387819999996,
      "p99": 47986.868623,
      "max": 48002.060249999995,
      "mean": 24008.012539737498
    },
    "queue_wait_ms": {
      "min": 2.8155,
      "p50": 24007.879682,
      "p95": 45987.005861,
      "p99": 47985.338606,
      "max": 47996.930829,
      "mean": 24001.367162192502
    },
    "request_ms": {
      "min": 2000.035286,
      "p50": 2002.011356,
      "p95": 2002.05177,
      "p99": 2002.111667,
      "max": 2002.210988,
      "mean": 2001.5337549224998
    },
    "result_return_ms": {
      "min": 0.291584,
      "p50": 4.190891,
      "p95": 15.258455,
      "p99": 32.425319,
      "max": 37.357126,
      "mean": 5.630316077500001
    },
    "worker_overhead_ms": {
      "min": 0.2931229999999232,
      "p50": 0.7996129999999084,
      "p95": 2.675472000000127,
      "p99": 4.004775000000109,
      "max": 4.970894000000044,
      "mean": 1.0150614675000071
    }
  },
  "worker_process": {
    "before": {
      "root_pid": 69696,
      "pids": [
        {
          "pid": 69696,
          "cpu_ticks": 14,
          "rss_bytes": 45486080
        }
      ],
      "total_cpu_ticks": 14,
      "total_rss_bytes": 45486080,
      "hz": 100
    },
    "after": {
      "root_pid": 69696,
      "pids": [
        {
          "pid": 69696,
          "cpu_ticks": 68,
          "rss_bytes": 47378432
        }
      ],
      "total_cpu_ticks": 68,
      "total_rss_bytes": 47378432,
      "hz": 100
    },
    "cpu_seconds_delta": 0.54,
    "cpu_ms_per_completed_task": 1.35,
    "rss_bytes_after": 47378432
  }
}