{
  "count": 100,
  "ok": 100,
  "failed": 0,
  "timeout": 0,
  "latency_ms": {
    "min": 2011.936652,
    "p50": 26037.076904,
    "p95": 48061.198335,
    "p99": 50063.54161,
    "max": 50063.719746,
    "mean": 26036.60542654
  },
  "backend": "celery",
  "broker": "redis://127.0.0.1:6379/0",
  "backend_url": "redis://127.0.0.1:6379/1",
  "wall_ms": 50130.707916,
  "throughput_tps": 1.9947853153712085,
  "timing_ms": {
    "client_request_ms": {
      "min": 2000.59399,
      "p50": 2002.671124,
      "p95": 2003.32032,
      "p99": 2003.746313,
      "max": 2003.922602,
      "mean": 2002.60520723
    },
    "end_to_end_wall_ms": {
      "min": 2011.935403,
      "p50": 26037.076444,
      "p95": 48061.197574,
      "p99": 50063.54084,
      "max": 50063.719166,
      "mean": 26036.604570829997
    },
    "non_request_ms": {
      "min": 9.921204999999873,
      "p50": 24035.164248999998,
      "p95": 46059.976153999996,
      "p99": 48061.522737,
      "max": 48061.704052,
      "mean": 24034.76138421
    },
    "queue_wait_ms": {
      "min": 2.771621,
      "p50": 24033.29901,
      "p95": 46058.940236,
      "p99": 48060.297743,
      "max": 48060.415141,
      "mean": 24033.149952699998
    },
    "request_ms": {
      "min": 2000.121721,
      "p50": 2002.014998,
      "p95": 2002.069831,
      "p99": 2002.12846,
      "max": 2002.205008,
      "mean": 2001.84318662
    },
    "result_return_ms": {
      "min": 0.334723,
      "p50": 0.544508,
      "p95": 1.710873,
      "p99": 5.851833,
      "max": 6.742784,
      "mean": 0.84022715
    },
    "worker_overhead_ms": {
      "min": 0.3617229999999836,
      "p50": 0.6916850000000068,
      "p95": 1.347882000000027,
      "p99": 1.7423109999999724,
      "max": 1.8387189999998554,
      "mean": 0.7712043599999947
    }
  }
}