{
  "count": 10,
  "ok": 0,
  "failed": 10,
  "timeout": 0,
  "latency_ms": {
    "min": 4.13448,
    "p50": 8.996666,
    "p95": 38.859261,
    "p99": 38.859261,
    "max": 38.859261,
    "mean": 11.9031731
  },
  "backend": "celery",
  "broker": "redis://127.0.0.1:6379/0",
  "backend_url": "redis://127.0.0.1:6379/1",
  "wall_ms": 51.145166,
  "throughput_tps": 0.0,
  "timing_ms": {
    "end_to_end_wall_ms": {
      "min": 4.133882,
      "p50": 8.996176,
      "p95": 38.858242,
      "p99": 38.858242,
      "max": 38.858242,
      "mean": 11.902559499999999
    }
  }
}