{
  "count": 1000,
  "ok": 1000,
  "failed": 0,
  "timeout": 0,
  "latency_ms": {
    "min": 153.339638,
    "p50": 219.875813,
    "p95": 284.4102,
    "p99": 296.609895,
    "max": 333.983344,
    "mean": 222.28769373900002
  },
  "backend": "celery",
  "broker": "redis://127.0.0.1:6379/0",
  "backend_url": "redis://127.0.0.1:6379/1",
  "wall_ms": 523.089341,
  "throughput_tps": 1911.719321384528
}