{
  "count": 100,
  "ok": 100,
  "failed": 0,
  "timeout": 0,
  "latency_ms": {
    "min": 17.338993,
    "p50": 28.753097,
    "p95": 37.675029,
    "p99": 38.394299,
    "max": 72.853746,
    "mean": 28.83047114
  },
  "backend": "celery",
  "broker": "redis://127.0.0.1:6379/0",
  "backend_url": "redis://127.0.0.1:6379/1",
  "wall_ms": 89.006668,
  "throughput_tps": 1123.5113306342398
}