{
  "count": 1,
  "ok": 1,
  "failed": 0,
  "timeout": 0,
  "latency_ms": {
    "min": 2763.645457,
    "p50": 2763.645457,
    "p95": 2763.645457,
    "p99": 2763.645457,
    "max": 2763.645457,
    "mean": 2763.645457
  },
  "backend": "celery",
  "broker": "redis://127.0.0.1:6379/0",
  "backend_url": "redis://127.0.0.1:6379/1",
  "wall_ms": 2767.359357,
  "throughput_tps": 0.3613553106034143,
  "timing_ms": {
    "client_request_ms": {
      "min": 2002.110228,
      "p50": 2002.110228,
      "p95": 2002.110228,
      "p99": 2002.110228,
      "max": 2002.110228,
      "mean": 2002.110228
    },
    "end_to_end_wall_ms": {
      "min": 2763.643447,
      "p50": 2763.643447,
      "p95": 2763.643447,
      "p99": 2763.643447,
      "max": 2763.643447,
      "mean": 2763.643447
    },
    "non_request_ms": {
      "min": 762.3892409999999,
      "p50": 762.3892409999999,
      "p95": 762.3892409999999,
      "p99": 762.3892409999999,
      "max": 762.3892409999999,
      "mean": 762.3892409999999
    },
    "queue_wait_ms": {
      "min": 757.178263,
      "p50": 757.178263,
      "p95": 757.178263,
      "p99": 757.178263,
      "max": 757.178263,
      "mean": 757.178263
    },
    "request_ms": {
      "min": 2001.254206,
      "p50": 2001.254206,
      "p95": 2001.254206,
      "p99": 2001.254206,
      "max": 2001.254206,
      "mean": 2001.254206
    },
    "result_return_ms": {
      "min": 4.071733,
      "p50": 4.071733,
      "p95": 4.071733,
      "p99": 4.071733,
      "max": 4.071733,
      "mean": 4.071733
    },
    "worker_overhead_ms": {
      "min": 1.1392449999998462,
      "p50": 1.1392449999998462,
      "p95": 1.1392449999998462,
      "p99": 1.1392449999998462,
      "max": 1.1392449999998462,
      "mean": 1.1392449999998462
    }
  },
  "worker_process": {
    "before": {
      "root_pid": 110481,
      "pids": [
        {
          "pid": 110481,
          "cpu_ticks": 20,
          "rss_bytes": 63250432
        }
      ],
      "total_cpu_ticks": 20,
      "total_rss_bytes": 63250432,
      "hz": 100
    },
    "after": {
      "root_pid": 110481,
      "pids": [
        {
          "pid": 110481,
          "cpu_ticks": 21,
          "rss_bytes": 66134016
        }
      ],
      "total_cpu_ticks": 21,
      "total_rss_bytes": 66134016,
      "hz": 100
    },
    "cpu_seconds_delta": 0.01,
    "cpu_ms_per_completed_task": 10.0,
    "rss_bytes_after": 66134016
  }
}