{
  "count": 12,
  "ok": 12,
  "failed": 0,
  "timeout": 0,
  "latency_ms": {
    "min": 2011.591779,
    "p50": 2014.958916,
    "p95": 2016.208908,
    "p99": 2051.356269,
    "max": 2051.356269,
    "mean": 2017.3231230000001
  },
  "backend": "celery",
  "broker": "redis://127.0.0.1:6379/0",
  "backend_url": "redis://127.0.0.1:6379/1",
  "wall_ms": 2086.306376,
  "throughput_tps": 5.751791845168573,
  "timing_ms": {
    "client_request_ms": {
      "min": 2000.947959,
      "p50": 2002.467636,
      "p95": 2002.850057,
      "p99": 2002.883765,
      "max": 2002.883765,
      "mean": 2002.2492230833334
    },
    "end_to_end_wall_ms": {
      "min": 2011.59101,
      "p50": 2014.957875,
      "p95": 2016.207778,
      "p99": 2051.354051,
      "max": 2051.354051,
      "mean": 2017.3220878333334
    },
    "non_request_ms": {
      "min": 9.57473600000003,
      "p50": 13.338692000000037,
      "p95": 15.12231399999996,
      "p99": 49.3378859999998,
      "max": 49.3378859999998,
      "mean": 15.724732916666653
    },
    "queue_wait_ms": {
      "min": 5.494382,
      "p50": 5.721956,
      "p95": 5.966841,
      "p99": 40.582935,
      "max": 40.582935,
      "mean": 8.605513499999999
    },
    "request_ms": {
      "min": 2000.346061,
      "p50": 2002.016165,
      "p95": 2002.020895,
      "p99": 2002.020925,
      "max": 2002.020925,
      "mean": 2001.5973549166665
    },
    "result_return_ms": {
      "min": 3.190852,
      "p50": 6.855482,
      "p95": 7.957288,
      "p99": 8.157894,
      "max": 8.157894,
      "mean": 6.171819083333333
    },
    "worker_overhead_ms": {
      "min": 0.6787860000001729,
      "p50": 0.9327289999998811,
      "p95": 1.1301949999999579,
      "p99": 1.4700379999999313,
      "max": 1.4700379999999313,
      "mean": 0.9474003333333295
    }
  },
  "worker_process": {
    "before": {
      "root_pid": 110481,
      "pids": [
        {
          "pid": 110481,
          "cpu_ticks": 21,
          "rss_bytes": 66134016
        }
      ],
      "total_cpu_ticks": 21,
      "total_rss_bytes": 66134016,
      "hz": 100
    },
    "after": {
      "root_pid": 110481,
      "pids": [
        {
          "pid": 110481,
          "cpu_ticks": 28,
          "rss_bytes": 79630336
        }
      ],
      "total_cpu_ticks": 28,
      "total_rss_bytes": 79630336,
      "hz": 100
    },
    "cpu_seconds_delta": 0.07,
    "cpu_ms_per_completed_task": 5.833333333333333,
    "rss_bytes_after": 79630336
  }
}