{
  "count": 100,
  "ok": 100,
  "failed": 0,
  "timeout": 0,
  "latency_ms": {
    "min": 17.682854,
    "p50": 22.320913,
    "p95": 30.937166,
    "p99": 31.739063,
    "max": 66.85981,
    "mean": 23.79472745
  },
  "backend": "celery",
  "broker": "redis://127.0.0.1:6379/0",
  "backend_url": "redis://127.0.0.1:6379/1",
  "wall_ms": 86.077857,
  "throughput_tps": 1161.738959184358
}