{
  "count": 100,
  "ok": 100,
  "failed": 0,
  "timeout": 0,
  "latency_ms": {
    "min": 35.308472,
    "p50": 1961.641176,
    "p95": 3962.147526,
    "p99": 4145.040944,
    "max": 4145.061643,
    "mean": 1976.39748477
  },
  "backend": "celery",
  "broker": "redis://127.0.0.1:6379/0",
  "backend_url": "redis://127.0.0.1:6379/1",
  "wall_ms": 4213.233458,
  "throughput_tps": 23.734739837433427,
  "timing_ms": {
    "end_to_end_wall_ms": {
      "min": 35.307831,
      "p50": 1961.640426,
      "p95": 3962.146395,
      "p99": 4145.040154,
      "max": 4145.060823,
      "mean": 1976.3963581
    },
    "io_ms": {
      "min": 25.154582,
      "p50": 181.42269,
      "p95": 182.689461,
      "p99": 183.162945,
      "max": 183.209793,
      "mean": 165.30807058
    },
    "non_io_ms": {
      "min": 5.625202999999999,
      "p50": 1780.030131,
      "p95": 3780.1526670000003,
      "p99": 3961.874991,
      "max": 3962.1729849999997,
      "mean": 1811.08828752
    },
    "queue_wait_ms": {
      "min": 1.721165,
      "p50": 1779.345735,
      "p95": 3779.431643,
      "p99": 3961.220014,
      "max": 3961.500368,
      "mean": 1810.01000411
    },
    "result_return_ms": {
      "min": 0.52132,
      "p50": 0.746814,
      "p95": 2.369711,
      "p99": 3.972038,
      "max": 4.597364,
      "mean": 0.97541123
    }
  }
}