{
  "count": 100,
  "ok": 100,
  "failed": 0,
  "timeout": 0,
  "latency_ms": {
    "min": 61.148538,
    "p50": 2194.320031,
    "p95": 5348.369783,
    "p99": 5529.091926,
    "max": 5530.055024,
    "mean": 2653.5452731600003
  },
  "backend": "celery",
  "broker": "redis://127.0.0.1:6379/0",
  "backend_url": "redis://127.0.0.1:6379/1",
  "wall_ms": 5597.099122,
  "throughput_tps": 17.866397900108513,
  "timing_ms": {
    "end_to_end_wall_ms": {
      "min": 61.147609,
      "p50": 2194.319562,
      "p95": 5348.368862,
      "p99": 5529.090976,
      "max": 5530.054546,
      "mean": 2653.54419603
    },
    "io_ms": {
      "min": 31.757365,
      "p50": 70.199092,
      "p95": 182.19795,
      "p99": 185.240909,
      "max": 185.518793,
      "mean": 101.00797689000001
    },
    "non_io_ms": {
      "min": 11.000383,
      "p50": 2122.5930510000003,
      "p95": 5166.203091,
      "p99": 5348.137137000001,
      "max": 5348.634349,
      "mean": 2552.53621914
    },
    "queue_wait_ms": {
      "min": 2.338412,
      "p50": 2119.974394,
      "p95": 5165.367088,
      "p99": 5347.440273,
      "max": 5348.09014,
      "mean": 2550.79621243
    },
    "result_return_ms": {
      "min": 0.346573,
      "p50": 1.057859,
      "p95": 2.809173,
      "p99": 8.409757,
      "max": 8.459886,
      "mean": 1.4584643800000001
    }
  }
}