{
  "count": 100,
  "ok": 100,
  "failed": 0,
  "timeout": 0,
  "latency_ms": {
    "min": 41.971166,
    "p50": 120.892212,
    "p95": 214.105285,
    "p99": 222.385864,
    "max": 229.053166,
    "mean": 123.54443858999998
  },
  "backend": "celery",
  "broker": "redis://127.0.0.1:6379/0",
  "backend_url": "redis://127.0.0.1:6379/1",
  "wall_ms": 305.708049,
  "throughput_tps": 327.1094769245019,
  "timing_ms": {
    "end_to_end_wall_ms": {
      "min": 41.970487,
      "p50": 120.890422,
      "p95": 214.104074,
      "p99": 222.383884,
      "max": 229.052256,
      "mean": 123.54328485
    },
    "io_ms": {
      "min": 7.370489,
      "p50": 8.786749,
      "p95": 10.766988,
      "p99": 13.587451,
      "max": 15.309065,
      "mean": 8.98205188
    },
    "non_io_ms": {
      "min": 30.225496999999997,
      "p50": 112.860117,
      "p95": 205.27169700000002,
      "p99": 213.502876,
      "max": 221.681767,
      "mean": 114.56123297
    },
    "queue_wait_ms": {
      "min": 1.695315,
      "p50": 112.113233,
      "p95": 203.977153,
      "p99": 212.606225,
      "max": 221.09703,
      "mean": 111.26061215
    },
    "result_return_ms": {
      "min": 0.50501,
      "p50": 0.792874,
      "p95": 19.082398,
      "p99": 31.480852,
      "max": 32.181878,
      "mean": 3.20838455
    }
  }
}