{
  "count": 5000,
  "ok": 5000,
  "failed": 0,
  "timeout": 0,
  "latency_ms": {
    "min": 777.95628,
    "p50": 1164.699186,
    "p95": 1483.678858,
    "p99": 1506.044,
    "max": 1547.813002,
    "mean": 1154.519394682
  },
  "backend": "celery",
  "broker": "redis://127.0.0.1:6379/0",
  "backend_url": "redis://127.0.0.1:6379/1",
  "wall_ms": 2324.476471,
  "throughput_tps": 2151.0219881249122
}