{
  "count": 10,
  "ok": 10,
  "failed": 0,
  "timeout": 0,
  "latency_ms": {
    "min": 13.907309,
    "p50": 19.502459,
    "p95": 43.985799,
    "p99": 43.985799,
    "max": 43.985799,
    "mean": 20.762213600000003
  },
  "backend": "celery",
  "broker": "redis://127.0.0.1:6379/0",
  "backend_url": "redis://127.0.0.1:6379/1",
  "wall_ms": 56.862312,
  "throughput_tps": 175.863408438264,
  "timing_ms": {
    "end_to_end_wall_ms": {
      "min": 13.906799,
      "p50": 19.501949,
      "p95": 43.98492,
      "p99": 43.98492,
      "max": 43.98492,
      "mean": 20.7615818
    }
  }
}