{
  "count": 100,
  "ok": 100,
  "failed": 0,
  "timeout": 0,
  "latency_ms": {
    "min": 2017.60382,
    "p50": 2109.848672,
    "p95": 3942.976118,
    "p99": 4795.952875,
    "max": 4801.747945,
    "mean": 2698.8032892300002
  },
  "backend": "celery",
  "broker": "redis://127.0.0.1:6379/0",
  "backend_url": "redis://127.0.0.1:6379/1",
  "wall_ms": 4851.279889,
  "throughput_tps": 20.61311700995531,
  "timing_ms": {
    "client_request_ms": {
      "min": 2000.965234,
      "p50": 2035.768184,
      "p95": 3906.325357,
      "p99": 4758.264245,
      "max": 4769.477813,
      "mean": 2636.09548165
    },
    "end_to_end_wall_ms": {
      "min": 2017.603289,
      "p50": 2109.848152,
      "p95": 3942.975569,
      "p99": 4795.952344,
      "max": 4801.747085,
      "mean": 2698.80272227
    },
    "non_request_ms": {
      "min": 17.45047899999986,
      "p50": 107.81224900000007,
      "p95": 1940.9543270000001,
      "p99": 2794.2909640000003,
      "max": 2799.687095,
      "mean": 697.23302821
    },
    "queue_wait_ms": {
      "min": 2.550828,
      "p50": 22.036124,
      "p95": 34.115634,
      "p99": 34.920617,
      "max": 36.105222,
      "mean": 20.99130353
    },
    "request_ms": {
      "min": 2000.140001,
      "p50": 2001.828406,
      "p95": 2002.124141,
      "p99": 2002.165409,
      "max": 2002.236737,
      "mean": 2001.5696940599998
    },
    "result_return_ms": {
      "min": 2.144366,
      "p50": 43.254354,
      "p95": 82.67533,
      "p99": 91.26708,
      "max": 92.416678,
      "mean": 41.707183889999996
    },
    "worker_overhead_ms": {
      "min": 0.7319749999999203,
      "p50": 33.80444000000011,
      "p95": 1904.310464,
      "p99": 2756.6089049999996,
      "max": 2767.4262830000007,
      "mean": 634.5345407899999
    }
  }
}