{
  "count": 100,
  "ok": 100,
  "failed": 0,
  "timeout": 0,
  "latency_ms": {
    "min": 2012.366125,
    "p50": 26045.784144,
    "p95": 48075.074016,
    "p99": 50074.181227,
    "max": 50079.140275,
    "mean": 26047.478012819996
  },
  "backend": "celery",
  "broker": "redis://127.0.0.1:6379/0",
  "backend_url": "redis://127.0.0.1:6379/1",
  "wall_ms": 50142.930003,
  "throughput_tps": 1.9942990964831355,
  "timing_ms": {
    "client_request_ms": {
      "min": 2000.743301,
      "p50": 2002.763844,
      "p95": 2003.862569,
      "p99": 2004.421086,
      "max": 2004.425605,
      "mean": 2002.76091163
    },
    "end_to_end_wall_ms": {
      "min": 2012.365345,
      "p50": 26045.783164,
      "p95": 48075.073485,
      "p99": 50074.180238,
      "max": 50079.139806,
      "mean": 26047.47734413
    },
    "non_request_ms": {
      "min": 11.09105999999997,
      "p50": 24043.763427,
      "p95": 46073.116923,
      "p99": 48072.158776000004,
      "max": 48077.115934,
      "mean": 24045.65537705
    },
    "queue_wait_ms": {
      "min": 2.42278,
      "p50": 24042.305947,
      "p95": 46068.567278,
      "p99": 48070.801565,
      "max": 48070.810073,
      "mean": 24041.14249478
    },
    "request_ms": {
      "min": 2000.051083,
      "p50": 2002.014639,
      "p95": 2002.032076,
      "p99": 2002.077643,
      "max": 2002.07907,
      "mean": 2001.82196708
    },
    "result_return_ms": {
      "min": 0.368343,
      "p50": 3.35319,
      "p95": 8.380417,
      "p99": 8.69275,
      "max": 8.70732,
      "mean": 3.56399428
    },
    "worker_overhead_ms": {
      "min": 0.39102200000002085,
      "p50": 0.7836649999999281,
      "p95": 1.9737599999998565,
      "p99": 2.405480000000125,
      "max": 2.4117989999999736,
      "mean": 0.9488879899999847
    }
  }
}