{
  "count": 1,
  "ok": 1,
  "failed": 0,
  "timeout": 0,
  "latency_ms": {
    "min": 2045.868256,
    "p50": 2045.868256,
    "p95": 2045.868256,
    "p99": 2045.868256,
    "max": 2045.868256,
    "mean": 2045.868256
  },
  "backend": "celery",
  "broker": "redis://127.0.0.1:6379/0",
  "backend_url": "redis://127.0.0.1:6379/1",
  "wall_ms": 2048.629956,
  "throughput_tps": 0.4881311029701647,
  "timing_ms": {
    "client_request_ms": {
      "min": 2003.369893,
      "p50": 2003.369893,
      "p95": 2003.369893,
      "p99": 2003.369893,
      "max": 2003.369893,
      "mean": 2003.369893
    },
    "end_to_end_wall_ms": {
      "min": 2045.866185,
      "p50": 2045.866185,
      "p95": 2045.866185,
      "p99": 2045.866185,
      "max": 2045.866185,
      "mean": 2045.866185
    },
    "non_request_ms": {
      "min": 43.839913000000024,
      "p50": 43.839913000000024,
      "p95": 43.839913000000024,
      "p99": 43.839913000000024,
      "max": 43.839913000000024,
      "mean": 43.839913000000024
    },
    "queue_wait_ms": {
      "min": 36.962231,
      "p50": 36.962231,
      "p95": 36.962231,
      "p99": 36.962231,
      "max": 36.962231,
      "mean": 36.962231
    },
    "request_ms": {
      "min": 2002.026272,
      "p50": 2002.026272,
      "p95": 2002.026272,
      "p99": 2002.026272,
      "max": 2002.026272,
      "mean": 2002.026272
    },
    "result_return_ms": {
      "min": 5.429743,
      "p50": 5.429743,
      "p95": 5.429743,
      "p99": 5.429743,
      "max": 5.429743,
      "mean": 5.429743
    },
    "worker_overhead_ms": {
      "min": 1.4479389999999057,
      "p50": 1.4479389999999057,
      "p95": 1.4479389999999057,
      "p99": 1.4479389999999057,
      "max": 1.4479389999999057,
      "mean": 1.4479389999999057
    }
  },
  "worker_process": {
    "before": {
      "root_pid": 110481,
      "pids": [
        {
          "pid": 110481,
          "cpu_ticks": 14,
          "rss_bytes": 45465600
        }
      ],
      "total_cpu_ticks": 14,
      "total_rss_bytes": 45465600,
      "hz": 100
    },
    "after": {
      "root_pid": 110481,
      "pids": [
        {
          "pid": 110481,
          "cpu_ticks": 15,
          "rss_bytes": 47353856
        }
      ],
      "total_cpu_ticks": 15,
      "total_rss_bytes": 47353856,
      "hz": 100
    },
    "cpu_seconds_delta": 0.01,
    "cpu_ms_per_completed_task": 10.0,
    "rss_bytes_after": 47353856
  }
}