{
  "count": 100,
  "ok": 100,
  "failed": 0,
  "timeout": 0,
  "latency_ms": {
    "min": 2019.651446,
    "p50": 14054.493427,
    "p95": 22062.609343,
    "p99": 25037.638503,
    "max": 25037.747451,
    "mean": 12415.1764533
  },
  "backend": "celery",
  "broker": "redis://127.0.0.1:6379/0",
  "backend_url": "redis://127.0.0.1:6379/1",
  "wall_ms": 25103.730019,
  "throughput_tps": 3.98347177588008,
  "timing_ms": {
    "client_request_ms": {
      "min": 2001.016415,
      "p50": 2002.877852,
      "p95": 2005.055034,
      "p99": 2009.368192,
      "max": 2009.777561,
      "mean": 2003.14832375
    },
    "end_to_end_wall_ms": {
      "min": 2019.649526,
      "p50": 14054.492976,
      "p95": 22062.608873,
      "p99": 25037.637933,
      "max": 25037.74634,
      "mean": 12415.17583756
    },
    "non_request_ms": {
      "min": 19.203644999999824,
      "p50": 12053.146808,
      "p95": 20060.58951,
      "p99": 23035.627399,
      "max": 23036.031259000003,
      "mean": 10413.69412186
    },
    "queue_wait_ms": {
      "min": 2.168298,
      "p50": 12048.436138,
      "p95": 20054.225931,
      "p99": 23030.750943,
      "max": 23030.770963,
      "mean": 10401.566534649999
    },
    "request_ms": {
      "min": 2000.05046,
      "p50": 2001.750948,
      "p95": 2002.05908,
      "p99": 2002.081702,
      "max": 2002.174739,
      "mean": 2001.4817157
    },
    "result_return_ms": {
      "min": 0.915939,
      "p50": 4.650091,
      "p95": 28.864678,
      "p99": 35.068102,
      "max": 36.258273,
      "mean": 10.452125559999999
    },
    "worker_overhead_ms": {
      "min": 0.5493369999999231,
      "p50": 1.348278000000164,
      "p95": 3.4169990000000325,
      "p99": 7.292969999999968,
      "max": 7.771066000000019,
      "mean": 1.675461650000002
    }
  }
}