{
  "count": 800,
  "ok": 800,
  "failed": 0,
  "timeout": 0,
  "latency_ms": {
    "min": 2048.300387,
    "p50": 26041.924515,
    "p95": 47994.725142,
    "p99": 49990.19563,
    "max": 50992.410336,
    "mean": 26119.672119527502
  },
  "backend": "celery",
  "broker": "redis://127.0.0.1:6379/0",
  "backend_url": "redis://127.0.0.1:6379/1",
  "wall_ms": 51256.714236,
  "throughput_tps": 15.607711339368734,
  "timing_ms": {
    "client_request_ms": {
      "min": 2000.412473,
      "p50": 2002.631148,
      "p95": 2006.904623,
      "p99": 2038.29801,
      "max": 3058.320883,
      "mean": 2007.3570351674998
    },
    "end_to_end_wall_ms": {
      "min": 2048.299797,
      "p50": 26041.923954,
      "p95": 47994.724342,
      "p99": 49990.19511,
      "max": 50992.409675,
      "mean": 26119.671565555
    },
    "non_request_ms": {
      "min": 46.28320000000008,
      "p50": 24040.052870000003,
      "p95": 45993.480898,
      "p99": 47988.17823,
      "max": 48990.396273000006,
      "mean": 24118.0644500925
    },
    "queue_wait_ms": {
      "min": 2.389999,
      "p50": 24037.837837,
      "p95": 45991.561468,
      "p99": 47985.211264,
      "max": 48985.457708,
      "mean": 24101.24421406
    },
    "request_ms": {
      "min": 2000.02311,
      "p50": 2002.011237,
      "p95": 2002.03957,
      "p99": 2002.112638,
      "max": 2002.232924,
      "mean": 2001.6071154625001
    },
    "result_return_ms": {
      "min": 0.286863,
      "p50": 7.499211,
      "p95": 26.278533,
      "p99": 69.151795,
      "max": 120.476008,
      "mean": 11.06129986875
    },
    "worker_overhead_ms": {
      "min": 0.28696500000000924,
      "p50": 0.8635719999999765,
      "p95": 4.896334999999908,
      "p99": 36.87163899999996,
      "max": 1056.2913219999998,
      "mean": 5.7589361637500005
    }
  },
  "worker_process": {
    "before": {
      "root_pid": 72011,
      "pids": [
        {
          "pid": 72011,
          "cpu_ticks": 14,
          "rss_bytes": 45559808
        }
      ],
      "total_cpu_ticks": 14,
      "total_rss_bytes": 45559808,
      "hz": 100
    },
    "after": {
      "root_pid": 72011,
      "pids": [
        {
          "pid": 72011,
          "cpu_ticks": 117,
          "rss_bytes": 49336320
        }
      ],
      "total_cpu_ticks": 117,
      "total_rss_bytes": 49336320,
      "hz": 100
    },
    "cpu_seconds_delta": 1.03,
    "cpu_ms_per_completed_task": 1.2875,
    "rss_bytes_after": 49336320
  }
}