{
  "count": 100,
  "ok": 100,
  "failed": 0,
  "timeout": 0,
  "latency_ms": {
    "min": 32.000642,
    "p50": 1094.996627,
    "p95": 5024.654488,
    "p99": 5033.022347,
    "max": 5033.198003,
    "mean": 1769.2950178600001
  },
  "backend": "celery",
  "broker": "redis://127.0.0.1:6379/0",
  "backend_url": "redis://127.0.0.1:6379/1",
  "wall_ms": 5099.485179,
  "throughput_tps": 19.609822656570564,
  "timing_ms": {
    "end_to_end_wall_ms": {
      "min": 32.000071,
      "p50": 1094.994527,
      "p95": 5024.652668,
      "p99": 5033.021377,
      "max": 5033.197333,
      "mean": 1769.2940258699998
    },
    "io_ms": {
      "min": 7.896738,
      "p50": 9.627832,
      "p95": 13.404674,
      "p99": 14.689558,
      "max": 15.614679,
      "mean": 10.29906364
    },
    "non_io_ms": {
      "min": 20.131926,
      "p50": 1085.382285,
      "p95": 5014.8629,
      "p99": 5024.315705,
      "max": 5025.300595,
      "mean": 1758.99496223
    },
    "queue_wait_ms": {
      "min": 2.019218,
      "p50": 1083.382246,
      "p95": 5013.682194,
      "p99": 5023.360485,
      "max": 5024.58623,
      "mean": 1756.6073844700002
    },
    "result_return_ms": {
      "min": 0.348983,
      "p50": 1.415821,
      "p95": 5.040306,
      "p99": 17.420392,
      "max": 17.891792,
      "mean": 2.0985515
    }
  }
}