{
  "count": 100,
  "ok": 100,
  "failed": 0,
  "timeout": 0,
  "latency_ms": {
    "min": 2023.335715,
    "p50": 15179.401972,
    "p95": 23187.543723,
    "p99": 26160.56462,
    "max": 26161.172697,
    "mean": 13042.74767146
  },
  "backend": "celery",
  "broker": "redis://127.0.0.1:6379/0",
  "backend_url": "redis://127.0.0.1:6379/1",
  "wall_ms": 26225.842182,
  "throughput_tps": 3.8130329354545798,
  "timing_ms": {
    "client_request_ms": {
      "min": 2000.95434,
      "p50": 2002.990236,
      "p95": 2005.999581,
      "p99": 2008.024709,
      "max": 2010.896609,
      "mean": 2003.23586491
    },
    "end_to_end_wall_ms": {
      "min": 2023.334645,
      "p50": 15179.401422,
      "p95": 23187.543184,
      "p99": 26160.562981,
      "max": 26161.172187,
      "mean": 13042.7470227
    },
    "non_request_ms": {
      "min": 22.190731999999798,
      "p50": 13178.213407000001,
      "p95": 21186.500398,
      "p99": 24159.463083,
      "max": 24159.479572,
      "mean": 11041.288929870001
    },
    "queue_wait_ms": {
      "min": 2.237059,
      "p50": 13173.159554,
      "p95": 21178.672753,
      "p99": 24157.608226,
      "max": 24157.761333,
      "mean": 11006.68999538
    },
    "request_ms": {
      "min": 2000.064181,
      "p50": 2001.765387,
      "p95": 2002.023546,
      "p99": 2002.064824,
      "max": 2002.09155,
      "mean": 2001.4580928300002
    },
    "result_return_ms": {
      "min": 0.533909,
      "p50": 6.341294,
      "p95": 148.76389,
      "p99": 151.309902,
      "max": 155.206632,
      "mean": 32.812158100000005
    },
    "worker_overhead_ms": {
      "min": 0.637047000000166,
      "p50": 1.411149000000023,
      "p95": 4.688303000000133,
      "p99": 6.3258059999998295,
      "max": 8.88969800000018,
      "mean": 1.7867763900000226
    }
  }
}