{
  "count": 100,
  "ok": 100,
  "failed": 0,
  "timeout": 0,
  "latency_ms": {
    "min": 2008.47775,
    "p50": 26039.848333,
    "p95": 48065.905188,
    "p99": 50067.305815,
    "max": 50067.310614,
    "mean": 26039.14932379
  },
  "backend": "celery",
  "broker": "redis://127.0.0.1:6379/0",
  "backend_url": "redis://127.0.0.1:6379/1",
  "wall_ms": 50131.25905,
  "throughput_tps": 1.9947633850620397,
  "timing_ms": {
    "client_request_ms": {
      "min": 2000.811143,
      "p50": 2002.670217,
      "p95": 2002.965521,
      "p99": 2004.490354,
      "max": 2004.501633,
      "mean": 2002.56195538
    },
    "end_to_end_wall_ms": {
      "min": 2008.4766,
      "p50": 26039.847273,
      "p95": 48065.904588,
      "p99": 50067.305275,
      "max": 50067.309734,
      "mean": 26039.148445569997
    },
    "non_request_ms": {
      "min": 6.5484030000000075,
      "p50": 24037.825342,
      "p95": 46063.946587,
      "p99": 48066.459207,
      "max": 48066.621703,
      "mean": 24037.34535226
    },
    "queue_wait_ms": {
      "min": 1.655076,
      "p50": 24035.999682,
      "p95": 46062.504436,
      "p99": 48065.001956,
      "max": 48065.264451,
      "mean": 24035.6867961
    },
    "request_ms": {
      "min": 2000.247954,
      "p50": 2002.01373,
      "p95": 2002.075881,
      "p99": 2002.14452,
      "max": 2002.147953,
      "mean": 2001.80309331
    },
    "result_return_ms": {
      "min": 0.420772,
      "p50": 0.766214,
      "p95": 1.554477,
      "p99": 2.35824,
      "max": 2.614055,
      "mean": 0.88667068
    },
    "worker_overhead_ms": {
      "min": 0.45885100000009515,
      "p50": 0.6900940000000446,
      "p95": 1.0145880000000034,
      "p99": 2.5884260000000268,
      "max": 2.8997289999999794,
      "mean": 0.771885479999994
    }
  }
}