{
  "count": 12,
  "ok": 12,
  "failed": 0,
  "timeout": 0,
  "latency_ms": {
    "min": 2017.72263,
    "p50": 2028.839909,
    "p95": 2029.985134,
    "p99": 2042.612271,
    "max": 2042.612271,
    "mean": 2028.3875294166667
  },
  "backend": "celery",
  "broker": "redis://127.0.0.1:6379/0",
  "backend_url": "redis://127.0.0.1:6379/1",
  "wall_ms": 2075.722146,
  "throughput_tps": 5.781120572001644,
  "timing_ms": {
    "client_request_ms": {
      "min": 2002.179234,
      "p50": 2003.239801,
      "p95": 2004.381148,
      "p99": 2004.837718,
      "max": 2004.837718,
      "mean": 2003.22101575
    },
    "end_to_end_wall_ms": {
      "min": 2017.72159,
      "p50": 2028.839359,
      "p95": 2029.984304,
      "p99": 2042.610121,
      "max": 2042.610121,
      "mean": 2028.3862028333333
    },
    "non_request_ms": {
      "min": 16.48327500000005,
      "p50": 27.389507999999978,
      "p95": 28.84192699999994,
      "p99": 40.59331199999997,
      "max": 40.59331199999997,
      "mean": 26.970032500000002
    },
    "queue_wait_ms": {
      "min": 2.576195,
      "p50": 3.892556,
      "p95": 4.813875,
      "p99": 36.661959,
      "max": 36.661959,
      "mean": 6.4640276666666665
    },
    "request_ms": {
      "min": 2000.655668,
      "p50": 2001.448231,
      "p95": 2002.018659,
      "p99": 2002.067477,
      "max": 2002.067477,
      "mean": 2001.4161703333332
    },
    "result_return_ms": {
      "min": 2.518886,
      "p50": 20.687342,
      "p95": 22.20967,
      "p99": 22.378597,
      "max": 22.378597,
      "mean": 18.603645750000002
    },
    "worker_overhead_ms": {
      "min": 0.8248519999999644,
      "p50": 2.0391769999998814,
      "p95": 2.570773999999801,
      "p99": 2.920127000000093,
      "max": 2.920127000000093,
      "mean": 1.9023590833333326
    }
  },
  "worker_process": {
    "before": {
      "root_pid": 110481,
      "pids": [
        {
          "pid": 110481,
          "cpu_ticks": 15,
          "rss_bytes": 47353856
        }
      ],
      "total_cpu_ticks": 15,
      "total_rss_bytes": 47353856,
      "hz": 100
    },
    "after": {
      "root_pid": 110481,
      "pids": [
        {
          "pid": 110481,
          "cpu_ticks": 20,
          "rss_bytes": 63250432
        }
      ],
      "total_cpu_ticks": 20,
      "total_rss_bytes": 63250432,
      "hz": 100
    },
    "cpu_seconds_delta": 0.05,
    "cpu_ms_per_completed_task": 4.166666666666667,
    "rss_bytes_after": 63250432
  }
}