{
  "count": 4,
  "ok": 4,
  "failed": 0,
  "timeout": 0,
  "latency_ms": {
    "min": 2004.618061,
    "p50": 8009.819448,
    "p95": 8009.837206,
    "p99": 8009.837206,
    "max": 8009.837206,
    "mean": 6508.50972825
  },
  "backend": "rustyme",
  "queue_key": "rustyme:long:queue",
  "result_key": "rustyme:long:result",
  "wall_ms": 8011.205998,
  "throughput_tps": 0.4993006048026479,
  "remaining": [],
  "timing_ms": {
    "end_to_end_wall_ms": {
      "min": 2004.61904,
      "p50": 8009.820627,
      "p95": 8009.838346,
      "p99": 8009.838346,
      "max": 8009.838346,
      "mean": 6508.51091275
    },
    "non_request_ms": {
      "min": 2.60234400000013,
      "p50": 6007.826187,
      "p95": 6009.058457,
      "p99": 6009.058457,
      "max": 6009.058457,
      "mean": 4506.8089475
    },
    "request_ms": {
      "min": 2000.76217,
      "p50": 2002.016696,
      "p95": 2002.016836,
      "p99": 2002.016836,
      "max": 2002.016836,
      "mean": 2001.70196525
    }
  }
}