{
  "count": 100,
  "ok": 100,
  "failed": 0,
  "timeout": 0,
  "latency_ms": {
    "min": 2002.970882,
    "p50": 50049.529962,
    "p95": 50052.099647,
    "p99": 50052.448841,
    "max": 50052.45887,
    "mean": 48126.76923349
  },
  "backend": "rustyme",
  "queue_key": "rustyme:long:queue",
  "result_key": "rustyme:long:result",
  "wall_ms": 50056.235741,
  "throughput_tps": 1.997753097484558,
  "remaining": [],
  "timing_ms": {
    "end_to_end_wall_ms": {
      "min": 2002.973922,
      "p50": 50049.531271,
      "p95": 50052.101178,
      "p99": 50052.450511,
      "max": 50052.46033,
      "mean": 48126.770613019995
    },
    "non_request_ms": {
      "min": 1.562686999999869,
      "p50": 48047.760287,
      "p95": 48050.621685,
      "p99": 48051.330262999996,
      "max": 48051.367864,
      "mean": 46125.17390618
    },
    "request_ms": {
      "min": 2000.069926,
      "p50": 2002.00811,
      "p95": 2002.088172,
      "p99": 2002.194027,
      "max": 2002.237309,
      "mean": 2001.59670684
    }
  }
}