{
  "count": 4,
  "ok": 4,
  "failed": 0,
  "timeout": 0,
  "latency_ms": {
    "min": 2002.550282,
    "p50": 2002.6616,
    "p95": 2004.022881,
    "p99": 2004.022881,
    "max": 2004.022881,
    "mean": 2002.95532075
  },
  "backend": "rustyme",
  "queue_key": "rustyme:long:queue",
  "result_key": "rustyme:long:result",
  "wall_ms": 2004.115119,
  "throughput_tps": 1.9958933307163977,
  "remaining": [],
  "timing_ms": {
    "end_to_end_wall_ms": {
      "min": 2002.552542,
      "p50": 2002.663309,
      "p95": 2004.025501,
      "p99": 2004.025501,
      "max": 2004.025501,
      "mean": 2002.95749075
    },
    "non_request_ms": {
      "min": 2.0320980000001327,
      "p50": 2.079706999999871,
      "p95": 3.2485820000001695,
      "p99": 3.2485820000001695,
      "max": 3.2485820000001695,
      "mean": 2.3549487500000055
    },
    "request_ms": {
      "min": 2000.493134,
      "p50": 2000.631211,
      "p95": 2000.776919,
      "p99": 2000.776919,
      "max": 2000.776919,
      "mean": 2000.602542
    }
  }
}