{
  "count": 4,
  "ok": 4,
  "failed": 0,
  "timeout": 0,
  "latency_ms": {
    "min": 2001.677841,
    "p50": 2003.396174,
    "p95": 2004.176848,
    "p99": 2004.176848,
    "max": 2004.176848,
    "mean": 2003.1418225
  },
  "backend": "rustyme",
  "queue_key": "rustyme:long:queue",
  "result_key": "rustyme:long:result",
  "wall_ms": 2004.807455,
  "throughput_tps": 1.9952040731013743,
  "remaining": [],
  "timing_ms": {
    "end_to_end_wall_ms": {
      "min": 2001.680021,
      "p50": 2003.397264,
      "p95": 2004.179458,
      "p99": 2004.179458,
      "max": 2004.179458,
      "mean": 2003.1435797499998
    },
    "non_request_ms": {
      "min": 1.3010219999998753,
      "p50": 1.3815709999998944,
      "p95": 2.162013999999999,
      "p99": 2.162013999999999,
      "max": 2.162013999999999,
      "mean": 1.5516894999998954
    },
    "request_ms": {
      "min": 2000.31787,
      "p50": 2002.016554,
      "p95": 2002.017444,
      "p99": 2002.017444,
      "max": 2002.017444,
      "mean": 2001.59189025
    }
  }
}