{
  "count": 100,
  "ok": 1,
  "failed": 0,
  "timeout": 99,
  "latency_ms": {
    "min": 2004.855351,
    "p50": 2004.855351,
    "p95": 2004.855351,
    "p99": 2004.855351,
    "max": 2004.855351,
    "mean": 2004.855351
  },
  "backend": "rustyme",
  "queue_key": "rustyme:long:queue",
  "result_key": "rustyme:long:result",
  "wall_ms": 180813.482363,
  "throughput_tps": 0.005530561034118055,
  "remaining": [
    "035f83e2-083b-4bb3-b711-ca2faaa6fc75",
    "09086a78-6289-4a2c-8792-ba5b82b17db8",
    "0a75aaa8-ad2e-4759-9fa6-d23eb8adde1e",
    "1094c0c1-401b-4ad1-8305-c42c12efcfbb",
    "13f100e2-09a9-41bd-b0ff-b858df077561",
    "1555b683-dacf-46ba-b484-c1924869486e",
    "16a2cd7e-ee53-40c4-b233-77c2a096a97d",
    "1864c969-dba9-4a72-b9c4-1d0d24bc9dd5",
    "1ce1bf54-befe-4db4-96f1-2942e02602b5",
    "1ce68ea8-4acc-43b8-bad4-fe5bd431823e",
    "1d0939eb-3438-4fc7-9f35-d9e6f6376ac2",
    "1d3a9f92-a8b3-4441-bf72-dea30f5db292",
    "1e03e559-6142-4b32-a161-164b3d6ce442",
    "1e79f70a-88bc-4306-abc9-d2d617b552fc",
    "2077d8e0-a49a-4760-9bf3-8d2218801e01",
    "212c3cb3-a6ac-440f-8c31-b0c58dc80551",
    "21d3e085-3798-4cb7-a315-bc9588ee78d3",
    "22780faa-9cae-4780-b650-c543c38df209",
    "22d4589f-0ad3-4770-97fe-e8847dced9cf",
    "2486a58e-3749-489f-9782-45616dbdfec3"
  ],
  "timing_ms": {
    "end_to_end_wall_ms": {
      "min": 2004.857771,
      "p50": 2004.857771,
      "p95": 2004.857771,
      "p99": 2004.857771,
      "max": 2004.857771,
      "mean": 2004.857771
    },
    "non_request_ms": {
      "min": 2.8418910000000324,
      "p50": 2.8418910000000324,
      "p95": 2.8418910000000324,
      "p99": 2.8418910000000324,
      "max": 2.8418910000000324,
      "mean": 2.8418910000000324
    },
    "request_ms": {
      "min": 2002.01588,
      "p50": 2002.01588,
      "p95": 2002.01588,
      "p99": 2002.01588,
      "max": 2002.01588,
      "mean": 2002.01588
    }
  }
}