{
  "count": 100,
  "ok": 100,
  "failed": 0,
  "timeout": 0,
  "latency_ms": {
    "min": 2002.01314,
    "p50": 2032.150194,
    "p95": 3065.756312,
    "p99": 3268.976951,
    "max": 3269.014671,
    "mean": 2130.2033104300003
  },
  "backend": "rustyme",
  "queue_key": "rustyme:long:queue",
  "result_key": "rustyme:long:result",
  "wall_ms": 3273.471438,
  "throughput_tps": 30.548609295670904,
  "remaining": [],
  "timing_ms": {
    "end_to_end_wall_ms": {
      "min": 2002.0145,
      "p50": 2032.150763,
      "p95": 3065.757093,
      "p99": 3268.977462,
      "max": 3269.015451,
      "mean": 2130.20411933
    },
    "non_request_ms": {
      "min": 1.6026789999998527,
      "p50": 30.537044999999807,
      "p95": 1064.0145860000002,
      "p99": 1266.962793,
      "max": 1267.0022330000002,
      "mean": 128.78441423
    },
    "request_ms": {
      "min": 2000.06057,
      "p50": 2001.605179,
      "p95": 2002.098428,
      "p99": 2002.185666,
      "max": 2002.228955,
      "mean": 2001.4197051
    }
  }
}