{
  "count": 100,
  "ok": 100,
  "failed": 0,
  "timeout": 0,
  "latency_ms": {
    "min": 12.67503,
    "p50": 438.500525,
    "p95": 807.148518,
    "p99": 831.652263,
    "max": 831.688073,
    "mean": 432.98608571999995
  },
  "backend": "rustyme",
  "queue_key": "rustyme:io:queue",
  "result_key": "rustyme:io:result",
  "wall_ms": 836.854726,
  "throughput_tps": 119.4950531951707,
  "remaining": [],
  "timing_ms": {
    "end_to_end_wall_ms": {
      "min": 12.67741,
      "p50": 438.500895,
      "p95": 807.148129,
      "p99": 831.652772,
      "max": 831.688672,
      "mean": 432.98639003000005
    },
    "io_ms": {
      "min": 6.0,
      "p50": 7.0,
      "p95": 8.0,
      "p99": 9.0,
      "max": 12.0,
      "mean": 6.94
    },
    "non_io_ms": {
      "min": 3.67741,
      "p50": 431.500895,
      "p95": 800.148129,
      "p99": 825.652772,
      "max": 825.688672,
      "mean": 426.04639003000005
    }
  }
}