{
  "count": 100,
  "ok": 1,
  "failed": 0,
  "timeout": 99,
  "latency_ms": {
    "min": 2005.042559,
    "p50": 2005.042559,
    "p95": 2005.042559,
    "p99": 2005.042559,
    "max": 2005.042559,
    "mean": 2005.042559
  },
  "backend": "rustyme",
  "queue_key": "rustyme:long:queue",
  "result_key": "rustyme:long:result",
  "wall_ms": 180244.060678,
  "throughput_tps": 0.005548033018333218,
  "remaining": [
    "0104ea5d-bee4-44c5-8a3f-4be01bc2c82e",
    "02bd2eec-a132-416a-b89c-60efa7661747",
    "03ce2904-a128-4c75-9adb-8f2f7eda9a5d",
    "061287a9-1b85-45ca-ad2c-509be90abf6a",
    "0802b66a-338d-46e1-a650-2caeafeac2b5",
    "09d958da-e3b1-4e8c-94fc-39c8dd8bda06",
    "0d66d5c0-8a2f-427b-8f0e-40774791a865",
    "1175e894-003e-4a2b-9add-904009c778ca",
    "1494caf4-dd7b-475e-9807-c97ee1ce0c9c",
    "1529f94d-e3e3-477d-9446-32bfb4ef56fc",
    "155eeaf9-b744-4344-85c5-66cc5fe70805",
    "20b2aecc-e9d5-4053-9f50-7732f6cc12aa",
    "25900aa3-233d-4d88-b862-b6b47780e968",
    "27422ecd-cf8f-4305-ad2e-26446ce86e7d",
    "28642ddc-9f5d-444d-afa7-0427d5862df8",
    "2e52792f-4a4a-4e52-8b10-b025bfbec1b2",
    "349f8d58-93b9-4a83-983d-239ccc4c1105",
    "37657c62-c560-4db3-b1f2-d2487c8e5fea",
    "3801498a-dc8b-49f9-b1f5-3d147ec5f43c",
    "3ea92d34-3528-4c3e-a4e2-23343f9ce54c"
  ],
  "timing_ms": {
    "end_to_end_wall_ms": {
      "min": 2005.044609,
      "p50": 2005.044609,
      "p95": 2005.044609,
      "p99": 2005.044609,
      "max": 2005.044609,
      "mean": 2005.044609
    },
    "non_request_ms": {
      "min": 3.023736999999983,
      "p50": 3.023736999999983,
      "p95": 3.023736999999983,
      "p99": 3.023736999999983,
      "max": 3.023736999999983,
      "mean": 3.023736999999983
    },
    "request_ms": {
      "min": 2002.020872,
      "p50": 2002.020872,
      "p95": 2002.020872,
      "p99": 2002.020872,
      "max": 2002.020872,
      "mean": 2002.020872
    }
  }
}