{
  "count": 100,
  "ok": 100,
  "failed": 0,
  "timeout": 0,
  "latency_ms": {
    "min": 2003.687061,
    "p50": 18025.725125,
    "p95": 20003.486395,
    "p99": 20004.998679,
    "max": 20005.877879,
    "mean": 14723.135789630001
  },
  "backend": "rustyme",
  "queue_key": "rustyme:long:queue",
  "result_key": "rustyme:long:result",
  "wall_ms": 20008.200166,
  "throughput_tps": 4.997950798689545,
  "remaining": [],
  "timing_ms": {
    "end_to_end_wall_ms": {
      "min": 2003.687501,
      "p50": 18025.725906,
      "p95": 20003.487175,
      "p99": 20004.999539,
      "max": 20005.879039,
      "mean": 14723.1365996
    },
    "non_request_ms": {
      "min": 2.3845460000000003,
      "p50": 16024.606,
      "p95": 18001.997325999997,
      "p99": 18003.866855,
      "max": 18003.879294,
      "mean": 12721.625448980001
    },
    "request_ms": {
      "min": 2000.108381,
      "p50": 2001.801452,
      "p95": 2002.150558,
      "p99": 2002.284652,
      "max": 2002.377201,
      "mean": 2001.51115062
    }
  }
}