{
  "count": 100,
  "ok": 100,
  "failed": 0,
  "timeout": 0,
  "latency_ms": {
    "min": 2004.079246,
    "p50": 12051.212529,
    "p95": 14165.334093,
    "p99": 14174.893866,
    "max": 14175.854843,
    "mean": 10407.11905135
  },
  "backend": "rustyme",
  "queue_key": "rustyme:long:queue",
  "result_key": "rustyme:long:result",
  "wall_ms": 14178.145389,
  "throughput_tps": 7.053108658173599,
  "remaining": [],
  "timing_ms": {
    "end_to_end_wall_ms": {
      "min": 2004.081866,
      "p50": 12051.213369,
      "p95": 14165.337692,
      "p99": 14174.894766,
      "max": 14175.855723,
      "mean": 10407.12000475
    },
    "non_request_ms": {
      "min": 2.190747999999985,
      "p50": 10049.308136,
      "p95": 12163.84604,
      "p99": 12172.795558,
      "max": 12174.173118,
      "mean": 8405.582876280001
    },
    "request_ms": {
      "min": 2000.07354,
      "p50": 2001.802701,
      "p95": 2002.142342,
      "p99": 2002.197901,
      "max": 2002.198414,
      "mean": 2001.53712847
    }
  }
}